{
  "pysam_direct": {
    "max_sec": 105.03991274999862,
    "mean_sec": 98.44789841666837,
    "median_sec": 95.83970900000713,
    "min_sec": 94.46407349999936,
    "n": 3,
    "stdev_sec": 5.7501376492518865
  },
  "whatshap_full": {
    "max_sec": 548.0645367090037,
    "mean_sec": 531.090629847337,
    "median_sec": 530.5103274580033,
    "min_sec": 514.6970253750042,
    "n": 3,
    "stdev_sec": 16.691323084268884
  }
}
